Workbook
Name БелкиАктивность: "СМЕЩ(Справочник!$H$2;0;0;СЧЁТЕСЛИ(Справочник!$H:$H;""*"")-1;1)"
Name Пол: OFFSET(Справочник!$C$2,0,0,COUNTIF(Справочник!$C:$C,"*")-1,1)
Name Продукт: OFFSET(Продукты!$A$2,0,0,COUNTIF(Продукты!$A:$A,"*")-1,1)
Name Рецепты: OFFSET(Рецепты!$A$2,0,0,COUNTIF(Рецепты!$A:$A,"*")-1,1)
Name СписокДат: OFFSET(Антропометрия!$A$2, 0, 0, COUNTA(Антропометрия!$A:$A)-1, 1)
Name ТДЕАктивность: OFFSET(Справочник!$E$2,0,0,COUNTIF(Справочник!$E:$E,"*")-1,1)
Name ТипПитания: OFFSET(Справочник!$A$2,0,0,COUNTIF(Справочник!$A:$A,"*")-1,1)
Name Цель: OFFSET(Справочник!$P$2,0,0,COUNTIF(Справочник!$P:$P,"*")-1,1)

Sheet Справочник
A1: Тип | C1: Пол | E1: Уровень активности | F1: Коэф. TDEE | H1: Уровень активности | I1: Белки мин | J1: Белки макс | L1: Уровень активности | M1: Жиры мин | N1: Жиры макс | P1: Цель | Q1: Дефицит мин (ккал) | R1: Дефицит макс (ккал) | T1: % жира | X1: Мышечная масса, кг | AB1: Висцеральный жир (уровень) | AF1: Костная масса, кг | AJ1: ИМТ (расчёт) | AN1: BMR, ккал
A2: Завтрак | C2: Мужской | E2: Минимальная (сидячая работа, нет спорта) | F2: 1.2 | H2: Минимальная (сидячая работа, нет спорта) | I2: 1 | J2: 1.2 | L2: Похудение (мягкое) | M2: 0.8 | N2: 1 | P2: Похудение (мягкое) | Q2: 300 | R2: 500 | T2: Диапазон, %, мин | U2: Диапазон, %, макс | V2: Уровень | X2: Диапазон, кг, мин | Y2: Диапазон, кг, макс | Z2: Уровень | AB2: Диапазон, мин | AC2: Диапазон, макс | AD2: Уровень | AF2: Диапазон, кг, мин | AG2: Диапазон, кг, макс | AH2: Уровень | AJ2: ИМТ, мин | AK2: ИМТ, макс | AL2: Категория | AN2: BMR, ккал, мин | AO2: BMR, ккал, макс | AP2: Уровень
A3: 2-й завтрак | C3: Женский | E3: Лёгкая (1–2 тренировки в неделю) | F3: 1.375 | H3: Лёгкая (1–2 тренировки в неделю) | I3: 1.2 | J3: 1.5 | L3: Похудение (агрессивное) | M3: 0.7 | N3: 0.8 | P3: Похудение (агрессивное) | Q3: 500 | R3: 800 | T3: 0 | U3: 8 | V3: Недостаток | X3: 0 | Y3: 38.6 | Z3: Дефицит | AB3: 0 | AC3: 1 | AD3: Недостаточно | AF3: 0 | AG3: 2.3 | AH3: Недостаток | AJ3: 0 | AK3: 18.5 | AL3: Дефицит | AN3: 0 | AO3: 1561 | AP3: Низкий
A4: Обед | E4: Умеренная (3–5 тренировок, активная работа) | F4: 1.55 | H4: Умеренная (3–5 тренировок, активная работа) | I4: 1.5 | J4: 1.8 | L4: Поддержание | M4: 0.9 | N4: 1 | P4: Поддержание | Q4: 0 | R4: 0 | T4: 8 | U4: 20 | V4: Норма (здоровый) | X4: 38.6 | Y4: 53.1 | Z4: Стандарт | AB4: 1 | AC4: 9 | AD4: Стандарт | AF4: 2.3 | AG4: 2.8 | AH4: Стандарт | AJ4: 18.5 | AK4: 23 | AL4: Норма | AN4: 1561 | AO4: 1826 | AP4: Норма
A5: Полдник | E5: Высокая (6–7 тренировок, физическая работа) | F5: 1.725 | H5: Высокая (6–7 тренировок, физическая работа) | I5: 1.8 | J5: 2 | L5: Набор массы | M5: 0.9 | N5: 1.2 | P5: Набор массы | Q5: -300 | R5: -500 | T5: 20 | U5: 25 | V5: Повышенный | X5: 53.1 | Y5: 60 | Z5: Отличный | AB5: 9 | AC5: 15 | AD5: Высокий | AF5: 2.8 | AG5: 4 | AH5: Отличный | AJ5: 23 | AK5: 30 | AL5: Избыток | AN5: 1826 | AO5: 2500 | AP5: Высокий
A6: Ужин | E6: Экстремальная (тяжёлый труд + 2 тренировки/день) | F6: 1.9 | H6: Экстремальная (тяжёлый труд + 2 тренировки/день) | I6: 2 | J6: 2.2 | T6: 25 | U6: 30 | V6: Высокий
E7: Минимальная+ (сидячая работа + редкие прогулки) | F7: 1.3 | H7: Минимальная+ (сидячая работа + редкие прогулки) | I7: 1 | J7: 1.2

Sheet Антропометрия
A1: Дата | B1: Вес, кг | C1: Рост, см | D1: Возраст, лет | E1: Пол | F1: Шея, см | G1: Грудь, см | H1: Плечи, см | I1: Рука правая, см | J1: Рука левая, см | K1: Талия, см | L1: Бедра, см | M1: Бедро левое, см | N1: Бедро правое, см | O1: Икра правая, см | P1: Икра левая, см | Q1: % жира (весы) | R1: % жира, Формула Navy | S1: Уровень % жира | T1: Мышечная масса, кг | U1: Уровень мышечной массы | V1: Висцеральный жир (рассчет) | W1: Висцеральный жир (уровень) | X1: Костная масса, кг (рассчет) | Y1: Костная масса, кг, уровень | Z1: ИМТ (расчёт) | AA1: ИМТ (уровень) | AB1: BMR (расчёт) | AC1: BMR (уровень) | AD1: BMR (с весов) | AE1: BMR (с весов, уровень)
A2: 46113 | R2: =MIN(MAX(IF(Антропометрия[Пол]=Справочник!$C$2,86.01*LOG10(Антропометрия[Талия, см] - Антропометрия[Шея, см]) - 70.041*LOG10(Антропометрия[Рост, см]) + 36.76,163.205*LOG10(Антропометрия[Талия, см] + Антропометрия[Бедра, см] - Антропометрия[Шея, см]) - 97.684*LOG10(Антропометрия[Рост, см]) - 78.387), 5), 50) -> #NUM! | S2: =IFERROR(VLOOKUP(IF(Антропометрия[% жира (весы)]<>"",Антропометрия[% жира (весы)],Антропометрия[% жира, Формула Navy]), Справочник!$T$3:$V$6,3,TRUE), "Вне диапазона") -> Вне диапазона | T2: =Антропометрия[Вес, кг]*(100-Антропометрия[% жира, Формула Navy])/100 -> #NUM! | U2: =VLOOKUP(Антропометрия[Мышечная масса, кг], Справочник!$X$3:$Z$5, 3, TRUE) -> #NUM! | V2: =MIN(20, MAX(0, ( Антропометрия[Талия, см] / Антропометрия[Рост, см] - 0.4 ) * 50 )) -> #DIV/0! | W2: =VLOOKUP(Антропометрия[Висцеральный жир (рассчет)], Справочник!$AB$3:$AD$5, 3, TRUE) -> #DIV/0! | X2: =IF(Антропометрия[Пол]=Справочник!$C$2, Антропометрия[Вес, кг] * 0.04, Антропометрия[Вес, кг] * 0.03) -> 0 | Y2: =VLOOKUP(Антропометрия[Костная масса, кг (рассчет)], Справочник!$AF$3:$AH$5, 3, TRUE) -> Недостаток | Z2: =Антропометрия[[#This Row],[Вес, кг]]/((Антропометрия[[#This Row],[Рост, см]]/100)^2) -> #DIV/0! | AA2: =VLOOKUP(Антропометрия[ИМТ (расчёт)], Справочник!$AJ$3:$AL$5, 3, TRUE) -> #DIV/0! | AB2: =10*Антропометрия[[#This Row],[Вес, кг]]+6.25*Антропометрия[[#This Row],[Рост, см]]-5*Антропометрия[[#This Row],[Возраст, лет]]+IF(Антропометрия[[#This Row],[Пол]]=Справочник!$C$2,5,-161) -> -161 | AC2: =VLOOKUP(Антропометрия[BMR (расчёт)], Справочник!$AN$3:$AP$5, 3, TRUE) -> #N/A | AE2: =IF(Антропометрия[BMR (с весов)]<>"",VLOOKUP(Антропометрия[BMR (с весов)], Справочник!$AN$3:$AP$5, 3, TRUE),"")

Sheet КБЖУ
A1: Дата | B1: Вес | C1: Рост | D1: Возраст | E1: Пол | F1: Активность | G1: Цель | H1: TDEE коэфф. | I1: Коэф белки низ | J1: Коэф белки верх | K1: Коэф.Жир низ | L1: Коэф. Жир верх | M1: Кэф дифицита низ | N1: Коэф дифицита верх | O1: BMR | P1: TDEE | Q1: Белки низ | R1: Белки верх | S1: Жиры низ | T1: Жиры верх | U1: Углеводы низ | V1: Углеводы верх | W1: Калории мин | X1: Калории макс
A2: 46113 | B2: =INDEX(Антропометрия!B:B, MATCH(Таблица4[[#This Row],[Дата]], Антропометрия!$A:$A, 0)) -> 0 | C2: =INDEX(Антропометрия!C:C, MATCH(Таблица4[[#This Row],[Дата]], Антропометрия!$A:$A, 0)) -> 0 | D2: =VLOOKUP(Таблица4[[#This Row],[Дата]], Антропометрия!$A:$Z, 4, 0) -> 0 | E2: =VLOOKUP(Таблица4[[#This Row],[Дата]], Антропометрия!$A:$Z, 5, 0) -> 0 | H2: =VLOOKUP(Таблица4[[#This Row],[Активность]], Справочник!$E$2:$F$7, 2, 0) -> #N/A | I2: =VLOOKUP(Таблица4[[#This Row],[Активность]], Справочник!$H$2:$J$7, 2, 0) -> #N/A | J2: =VLOOKUP(Таблица4[[#This Row],[Активность]], Справочник!$H$2:$J$7, 3, 0) -> #N/A | K2: =VLOOKUP(Таблица4[[#This Row],[Цель]], Справочник!$L$2:$N$5, 2, 0) -> #N/A | L2: =VLOOKUP(Таблица4[[#This Row],[Цель]], Справочник!$L$2:$N$5, 3, 0) -> #N/A | M2: =VLOOKUP(Таблица4[[#This Row],[Цель]], Справочник!$P$2:$R$5, 2, 0) -> #N/A | N2: =VLOOKUP(Таблица4[[#This Row],[Цель]], Справочник!$P$2:$R$5, 3, 0) -> #N/A | O2: =10*Таблица4[Вес]+6.25*Таблица4[Рост]-5*Таблица4[Возраст]+IF(Таблица4[[#This Row],[Пол]]=Справочник!$C$2,5,-161) -> -161 | P2: =Таблица4[BMR]*Таблица4[TDEE коэфф.] -> #N/A | Q2: =Таблица4[Вес]*Таблица4[Коэф белки низ] -> #N/A | R2: =Таблица4[Вес]*Таблица4[Коэф белки верх] -> #N/A | S2: =Таблица4[Вес]*Таблица4[Коэф.Жир низ] -> #N/A | T2: =Таблица4[Вес]*Таблица4[Коэф. Жир верх] -> #N/A | U2: =(Таблица4[Калории мин]-(Таблица4[Белки верх]*4+Таблица4[Жиры верх]*9))/4 -> #N/A | V2: =(Таблица4[Калории макс]-(Таблица4[Белки низ]*4+Таблица4[Жиры низ]*9))/4 -> #N/A | W2: =Таблица4[TDEE]-Таблица4[Коэф дифицита верх] -> #N/A | X2: =Таблица4[TDEE]-Таблица4[Кэф дифицита низ] -> #N/A
A3: 46113 | B3: =INDEX(Антропометрия!B:B, MATCH(Таблица4[[#This Row],[Дата]], Антропометрия!$A:$A, 0)) -> 0 | C3: =INDEX(Антропометрия!C:C, MATCH(Таблица4[[#This Row],[Дата]], Антропометрия!$A:$A, 0)) -> 0 | D3: =VLOOKUP(Таблица4[[#This Row],[Дата]], Антропометрия!$A:$Z, 4, 0) -> 0 | E3: =VLOOKUP(Таблица4[[#This Row],[Дата]], Антропометрия!$A:$Z, 5, 0) -> 0 | H3: =VLOOKUP(Таблица4[[#This Row],[Активность]], Справочник!$E$2:$F$7, 2, 0) -> #N/A | I3: =VLOOKUP(Таблица4[[#This Row],[Активность]], Справочник!$H$2:$J$7, 2, 0) -> #N/A | J3: =VLOOKUP(Таблица4[[#This Row],[Активность]], Справочник!$H$2:$J$7, 3, 0) -> #N/A | K3: =VLOOKUP(Таблица4[[#This Row],[Цель]], Справочник!$L$2:$N$5, 2, 0) -> #N/A | L3: =VLOOKUP(Таблица4[[#This Row],[Цель]], Справочник!$L$2:$N$5, 3, 0) -> #N/A | M3: =VLOOKUP(Таблица4[[#This Row],[Цель]], Справочник!$P$2:$R$5, 2, 0) -> #N/A | N3: =VLOOKUP(Таблица4[[#This Row],[Цель]], Справочник!$P$2:$R$5, 3, 0) -> #N/A | O3: =10*Таблица4[Вес]+6.25*Таблица4[Рост]-5*Таблица4[Возраст]+IF(Таблица4[[#This Row],[Пол]]=Справочник!$C$2,5,-161) -> -161 | P3: =Таблица4[BMR]*Таблица4[TDEE коэфф.] -> #N/A | Q3: =Таблица4[Вес]*Таблица4[Коэф белки низ] -> #N/A | R3: =Таблица4[Вес]*Таблица4[Коэф белки верх] -> #N/A | S3: =Таблица4[Вес]*Таблица4[Коэф.Жир низ] -> #N/A | T3: =Таблица4[Вес]*Таблица4[Коэф. Жир верх] -> #N/A | U3: =(Таблица4[Калории мин]-(Таблица4[Белки верх]*4+Таблица4[Жиры верх]*9))/4 -> #N/A | V3: =(Таблица4[Калории макс]-(Таблица4[Белки низ]*4+Таблица4[Жиры низ]*9))/4 -> #N/A | W3: =Таблица4[TDEE]-Таблица4[Коэф дифицита верх] -> #N/A | X3: =Таблица4[TDEE]-Таблица4[Кэф дифицита низ] -> #N/A

Sheet Продукты
A1: Продукты, на 100 гр | B1: Белки | C1: Жиры | D1: Углеводы | E1: Клетчатка | F1: Пищевые волокна | G1: Калории, ккл | H1: Вес, гр
A2: Пример | B2: 0 | C2: 0 | D2: 0 | E2: 0 | F2: 0 | G2: 0 | H2: 0

Sheet Составы
A1: Продукт | B1: Состав
A2: Пример

Sheet Рассчеты
A1: Продукт | B1: Вес, гр | C1: Количество | D1: Исх. Вес. гр | E1: Белки | F1: Жиры | G1: Углеводы | H1: Клетчатка | I1: Пищевые волокна | J1: Калории, ккл
D2: =INDEX(Продукты!$H:$H, MATCH(Рассчет[[#This Row],[Продукт]], Продукты!$A:$A, 0)) -> #N/A | E2: =INDEX(Продукты!$B:$B, MATCH(Рассчет[[#This Row],[Продукт]], Продукты!$A:$A, 0)) * (Рассчет[[#This Row],[Вес, гр]]/100)*Рассчет[Количество] -> #N/A | F2: =INDEX(Продукты!$C:$C, MATCH(Рассчет[[#This Row],[Продукт]], Продукты!$A:$A, 0)) * (Рассчет[[#This Row],[Вес, гр]]/100)*Рассчет[Количество] -> #N/A | G2: =INDEX(Продукты!$D:$D, MATCH(Рассчет[[#This Row],[Продукт]], Продукты!$A:$A, 0)) * (Рассчет[[#This Row],[Вес, гр]]/100)*Рассчет[Количество] -> #N/A | H2: =INDEX(Продукты!$E:$E, MATCH(Рассчет[[#This Row],[Продукт]], Продукты!$A:$A, 0)) * (Рассчет[[#This Row],[Вес, гр]]/100)*Рассчет[Количество] -> #N/A | I2: =INDEX(Продукты!$F:$F, MATCH(Рассчет[[#This Row],[Продукт]], Продукты!$A:$A, 0)) * (Рассчет[[#This Row],[Вес, гр]]/100)*Рассчет[Количество] -> #N/A | J2: =INDEX(Продукты!$G:$G, MATCH(Рассчет[[#This Row],[Продукт]], Продукты!$A:$A, 0)) * (Рассчет[[#This Row],[Вес, гр]]/100)*Рассчет[Количество] -> #N/A

Sheet Рецепты
A1: Название | B1: Рецепт | C1: Белки | D1: Жиры | E1: Углеводы | F1: Клетчатка | G1: Пищевые волокна | H1: Калории | I1: Вес
A2: Пример

Sheet ПН
A1: Тип питания | B1: Продукт | C1: Время приёма | D1: Вес | E1: Количество | F1: Исх. Вес. | G1: Белки | H1: Жиры | I1: Углеводы | J1: Клетчатка | K1: Пищевые волокна | L1: Калории, ккл
F2: =INDEX(Продукты!$H:$H, MATCH(ПН[[#This Row],[Продукт]], Продукты!$A:$A, 0)) -> #N/A | G2: =INDEX(Продукты!$B:$B, MATCH(ПН[[#This Row],[Продукт]], Продукты!$A:$A, 0)) * (ПН[[#This Row],[Вес]]/100)*ПН[Количество] -> #N/A | H2: =INDEX(Продукты!$C:$C, MATCH(ПН[[#This Row],[Продукт]], Продукты!$A:$A, 0)) * (ПН[[#This Row],[Вес]]/100)*ПН[Количество] -> #N/A | I2: =INDEX(Продукты!$D:$D, MATCH(ПН[[#This Row],[Продукт]], Продукты!$A:$A, 0)) * (ПН[[#This Row],[Вес]]/100)*ПН[Количество] -> #N/A | J2: =INDEX(Продукты!$E:$E, MATCH(ПН[[#This Row],[Продукт]], Продукты!$A:$A, 0)) * (ПН[[#This Row],[Вес]]/100)*ПН[Количество] -> #N/A | K2: =INDEX(Продукты!$F:$F, MATCH(ПН[[#This Row],[Продукт]], Продукты!$A:$A, 0)) * (ПН[[#This Row],[Вес]]/100)*ПН[Количество] -> #N/A | L2: =INDEX(Продукты!$G:$G, MATCH(ПН[[#This Row],[Продукт]], Продукты!$A:$A, 0)) * (ПН[[#This Row],[Вес]]/100)*ПН[Количество] -> #N/A

Sheet ВТ
A1: Тип питания | B1: Продукт | C1: Время приёма | D1: Вес | E1: Количество | F1: Исх. Вес. | G1: Белки | H1: Жиры | I1: Углеводы | J1: Клетчатка | K1: Пищевые волокна | L1: Калории, ккл
F2: =INDEX(Продукты!$H:$H, MATCH(ВТ[[#This Row],[Продукт]], Продукты!$A:$A, 0)) -> #N/A | G2: =INDEX(Продукты!$B:$B, MATCH(ВТ[[#This Row],[Продукт]], Продукты!$A:$A, 0)) * (ВТ[[#This Row],[Вес]]/100)*ВТ[Количество] -> #N/A | H2: =INDEX(Продукты!$C:$C, MATCH(ВТ[[#This Row],[Продукт]], Продукты!$A:$A, 0)) * (ВТ[[#This Row],[Вес]]/100)*ВТ[Количество] -> #N/A | I2: =INDEX(Продукты!$D:$D, MATCH(ВТ[[#This Row],[Продукт]], Продукты!$A:$A, 0)) * (ВТ[[#This Row],[Вес]]/100)*ВТ[Количество] -> #N/A | J2: =INDEX(Продукты!$E:$E, MATCH(ВТ[[#This Row],[Продукт]], Продукты!$A:$A, 0)) * (ВТ[[#This Row],[Вес]]/100)*ВТ[Количество] -> #N/A | K2: =INDEX(Продукты!$F:$F, MATCH(ВТ[[#This Row],[Продукт]], Продукты!$A:$A, 0)) * (ВТ[[#This Row],[Вес]]/100)*ВТ[Количество] -> #N/A | L2: =INDEX(Продукты!$G:$G, MATCH(ВТ[[#This Row],[Продукт]], Продукты!$A:$A, 0)) * (ВТ[[#This Row],[Вес]]/100)*ВТ[Количество] -> #N/A

Sheet СР
A1: Тип питания | B1: Продукт | C1: Время приёма | D1: Вес | E1: Количество | F1: Исх. Вес. | G1: Белки | H1: Жиры | I1: Углеводы | J1: Клетчатка | K1: Пищевые волокна | L1: Калории, ккл
F2: =INDEX(Продукты!$H:$H, MATCH(СР[[#This Row],[Продукт]], Продукты!$A:$A, 0)) -> #N/A | G2: =INDEX(Продукты!$B:$B, MATCH(СР[[#This Row],[Продукт]], Продукты!$A:$A, 0)) * (СР[[#This Row],[Вес]]/100)*СР[Количество] -> #N/A | H2: =INDEX(Продукты!$C:$C, MATCH(СР[[#This Row],[Продукт]], Продукты!$A:$A, 0)) * (СР[[#This Row],[Вес]]/100)*СР[Количество] -> #N/A | I2: =INDEX(Продукты!$D:$D, MATCH(СР[[#This Row],[Продукт]], Продукты!$A:$A, 0)) * (СР[[#This Row],[Вес]]/100)*СР[Количество] -> #N/A | J2: =INDEX(Продукты!$E:$E, MATCH(СР[[#This Row],[Продукт]], Продукты!$A:$A, 0)) * (СР[[#This Row],[Вес]]/100)*СР[Количество] -> #N/A | K2: =INDEX(Продукты!$F:$F, MATCH(СР[[#This Row],[Продукт]], Продукты!$A:$A, 0)) * (СР[[#This Row],[Вес]]/100)*СР[Количество] -> #N/A | L2: =INDEX(Продукты!$G:$G, MATCH(СР[[#This Row],[Продукт]], Продукты!$A:$A, 0)) * (СР[[#This Row],[Вес]]/100)*СР[Количество] -> #N/A

Sheet ЧТ
A1: Тип питания | B1: Продукт | C1: Время приёма | D1: Вес | E1: Количество | F1: Исх. Вес. | G1: Белки | H1: Жиры | I1: Углеводы | J1: Клетчатка | K1: Пищевые волокна | L1: Калории, ккл
F2: =INDEX(Продукты!$H:$H, MATCH(ЧТ[[#This Row],[Продукт]], Продукты!$A:$A, 0)) -> #N/A | G2: =INDEX(Продукты!$B:$B, MATCH(ЧТ[[#This Row],[Продукт]], Продукты!$A:$A, 0)) * (ЧТ[[#This Row],[Вес]]/100)*ЧТ[Количество] -> #N/A | H2: =INDEX(Продукты!$C:$C, MATCH(ЧТ[[#This Row],[Продукт]], Продукты!$A:$A, 0)) * (ЧТ[[#This Row],[Вес]]/100)*ЧТ[Количество] -> #N/A | I2: =INDEX(Продукты!$D:$D, MATCH(ЧТ[[#This Row],[Продукт]], Продукты!$A:$A, 0)) * (ЧТ[[#This Row],[Вес]]/100)*ЧТ[Количество] -> #N/A | J2: =INDEX(Продукты!$E:$E, MATCH(ЧТ[[#This Row],[Продукт]], Продукты!$A:$A, 0)) * (ЧТ[[#This Row],[Вес]]/100)*ЧТ[Количество] -> #N/A | K2: =INDEX(Продукты!$F:$F, MATCH(ЧТ[[#This Row],[Продукт]], Продукты!$A:$A, 0)) * (ЧТ[[#This Row],[Вес]]/100)*ЧТ[Количество] -> #N/A | L2: =INDEX(Продукты!$G:$G, MATCH(ЧТ[[#This Row],[Продукт]], Продукты!$A:$A, 0)) * (ЧТ[[#This Row],[Вес]]/100)*ЧТ[Количество] -> #N/A

Sheet ПТ
A1: Тип питания | B1: Продукт | C1: Время приёма | D1: Вес | E1: Количество | F1: Исх. Вес. | G1: Белки | H1: Жиры | I1: Углеводы | J1: Клетчатка | K1: Пищевые волокна | L1: Калории, ккл
F2: =INDEX(Продукты!$H:$H, MATCH(ПТ[[#This Row],[Продукт]], Продукты!$A:$A, 0)) -> #N/A | G2: =INDEX(Продукты!$B:$B, MATCH(ПТ[[#This Row],[Продукт]], Продукты!$A:$A, 0)) * (ПТ[[#This Row],[Вес]]/100)*ПТ[Количество] -> #N/A | H2: =INDEX(Продукты!$C:$C, MATCH(ПТ[[#This Row],[Продукт]], Продукты!$A:$A, 0)) * (ПТ[[#This Row],[Вес]]/100)*ПТ[Количество] -> #N/A | I2: =INDEX(Продукты!$D:$D, MATCH(ПТ[[#This Row],[Продукт]], Продукты!$A:$A, 0)) * (ПТ[[#This Row],[Вес]]/100)*ПТ[Количество] -> #N/A | J2: =INDEX(Продукты!$E:$E, MATCH(ПТ[[#This Row],[Продукт]], Продукты!$A:$A, 0)) * (ПТ[[#This Row],[Вес]]/100)*ПТ[Количество] -> #N/A | K2: =INDEX(Продукты!$F:$F, MATCH(ПТ[[#This Row],[Продукт]], Продукты!$A:$A, 0)) * (ПТ[[#This Row],[Вес]]/100)*ПТ[Количество] -> #N/A | L2: =INDEX(Продукты!$G:$G, MATCH(ПТ[[#This Row],[Продукт]], Продукты!$A:$A, 0)) * (ПТ[[#This Row],[Вес]]/100)*ПТ[Количество] -> #N/A

Sheet СБ
A1: Тип питания | B1: Продукт | C1: Время приёма | D1: Вес | E1: Количество | F1: Исх. Вес. | G1: Белки | H1: Жиры | I1: Углеводы | J1: Клетчатка | K1: Пищевые волокна | L1: Калории, ккл
F2: =INDEX(Продукты!$H:$H, MATCH(СБ[[#This Row],[Продукт]], Продукты!$A:$A, 0)) -> #N/A | G2: =INDEX(Продукты!$B:$B, MATCH(СБ[[#This Row],[Продукт]], Продукты!$A:$A, 0)) * (СБ[[#This Row],[Вес]]/100)*СБ[Количество] -> #N/A | H2: =INDEX(Продукты!$C:$C, MATCH(СБ[[#This Row],[Продукт]], Продукты!$A:$A, 0)) * (СБ[[#This Row],[Вес]]/100)*СБ[Количество] -> #N/A | I2: =INDEX(Продукты!$D:$D, MATCH(СБ[[#This Row],[Продукт]], Продукты!$A:$A, 0)) * (СБ[[#This Row],[Вес]]/100)*СБ[Количество] -> #N/A | J2: =INDEX(Продукты!$E:$E, MATCH(СБ[[#This Row],[Продукт]], Продукты!$A:$A, 0)) * (СБ[[#This Row],[Вес]]/100)*СБ[Количество] -> #N/A | K2: =INDEX(Продукты!$F:$F, MATCH(СБ[[#This Row],[Продукт]], Продукты!$A:$A, 0)) * (СБ[[#This Row],[Вес]]/100)*СБ[Количество] -> #N/A | L2: =INDEX(Продукты!$G:$G, MATCH(СБ[[#This Row],[Продукт]], Продукты!$A:$A, 0)) * (СБ[[#This Row],[Вес]]/100)*СБ[Количество] -> #N/A

Sheet ВС
A1: Тип питания | B1: Продукт | C1: Время приёма | D1: Вес | E1: Количество | F1: Исх. Вес. | G1: Белки | H1: Жиры | I1: Углеводы | J1: Клетчатка | K1: Пищевые волокна | L1: Калории, ккл
F2: =INDEX(Продукты!$H:$H, MATCH(ВС[[#This Row],[Продукт]], Продукты!$A:$A, 0)) -> #N/A | G2: =INDEX(Продукты!$B:$B, MATCH(ВС[[#This Row],[Продукт]], Продукты!$A:$A, 0)) * (ВС[[#This Row],[Вес]]/100)*ВС[Количество] -> #N/A | H2: =INDEX(Продукты!$C:$C, MATCH(ВС[[#This Row],[Продукт]], Продукты!$A:$A, 0)) * (ВС[[#This Row],[Вес]]/100)*ВС[Количество] -> #N/A | I2: =INDEX(Продукты!$D:$D, MATCH(ВС[[#This Row],[Продукт]], Продукты!$A:$A, 0)) * (ВС[[#This Row],[Вес]]/100)*ВС[Количество] -> #N/A | J2: =INDEX(Продукты!$E:$E, MATCH(ВС[[#This Row],[Продукт]], Продукты!$A:$A, 0)) * (ВС[[#This Row],[Вес]]/100)*ВС[Количество] -> #N/A | K2: =INDEX(Продукты!$F:$F, MATCH(ВС[[#This Row],[Продукт]], Продукты!$A:$A, 0)) * (ВС[[#This Row],[Вес]]/100)*ВС[Количество] -> #N/A | L2: =INDEX(Продукты!$G:$G, MATCH(ВС[[#This Row],[Продукт]], Продукты!$A:$A, 0)) * (ВС[[#This Row],[Вес]]/100)*ВС[Количество] -> #N/A
